,Player,Mat,Inns,NO,Runs,HS,Avg,BF,SR,100,50,4s,6s,year,Seasons
0,AB de Villiers,169,157,36,4697,90,37.075384615384614,3048,147.28538461538463,2,37,374,239,2021,13
1,Aakash Chopra,7,6,0,53,24,9.7,71,69.325,0,0,7,0,2009,2
2,Aaron Finch,92,90,7,2091,88,22.634545454545453,1631,119.69272727272728,0,15,214,78,2022,11
3,Abdul Basith,1,1,1,1,1,0.0,1,100.0,0,0,0,0,2023,1
4,Abdul Samad,50,40,10,577,4,19.396,395,131.204,0,0,37,36,2024,5
5,Abdur Razzak,1,1,1,0,0,0.0,2,0.0,0,0,0,0,2008,1
6,Abhijeet Tomar,1,1,0,4,4,4.0,8,50.0,0,0,1,0,2022,1
7,Abhimanyu Mithun,14,8,3,34,5,5.333333333333333,26,120.0,0,0,4,1,2013,3
8,Abhinav Manohar,19,15,1,231,8,13.833333333333334,174,112.53000000000002,0,0,21,10,2024,3
9,Abhinav Mukund,3,2,0,19,19,9.5,22,45.235,0,0,1,0,2013,2
10,Abhishek Jhunjhunwala,21,16,3,217,53,12.443333333333333,210,86.02999999999999,0,1,19,5,2012,3
11,Abhishek Nayar,60,50,12,672,45,17.89,577,107.81714285714285,0,0,55,20,2014,7
12,Abhishek Raut,22,16,7,194,36,22.5,167,115.98666666666666,0,0,13,7,2011,3
13,Abhishek Sharma,63,61,7,1377,75,25.897142857142857,887,147.08714285714288,0,7,128,73,2024,7
14,Abishek Porel,18,16,2,360,65,20.475,236,132.98,0,2,37,15,2024,2
15,Abu Nechim,7,4,3,14,5,5.0,6,300.0,0,0,3,0,2015,2
16,Adam Gilchrist,80,80,4,2069,85,28.12833333333333,1495,137.34833333333333,2,11,239,92,2013,6
17,Adam Milne,8,6,2,23,5,5.75,29,76.22,0,0,0,1,2021,2
18,Adam Voges,9,7,3,181,45,45.25,143,126.57,0,0,15,3,2010,1
19,Adam Zampa,17,5,0,15,7,2.776666666666667,24,44.64000000000001,0,0,1,0,2023,3
20,Adil Rashid,2,2,0,22,18,11.0,16,137.5,0,0,2,1,2023,1
21,Aditya Dole,3,2,0,34,30,17.0,22,154.54,0,0,3,1,2010,1
22,Aditya Tare,35,28,4,339,8,11.641666666666666,273,104.63499999999999,0,1,40,11,2017,6
23,Adrian Barath,3,3,1,42,33,21.0,42,100.0,0,0,5,1,2010,1
24,Aiden Blizzard,6,6,0,120,51,20.0,87,137.93,0,1,21,2,2011,1
25,Aiden Markram,44,42,9,995,68,30.955000000000002,767,127.97500000000001,0,5,73,35,2024,4
26,Ajantha Mendis,9,3,1,3,2,0.6666666666666666,6,50.0,0,0,0,0,2013,3
27,Ajinkya Rahane,185,171,17,4642,91,26.39875,3761,115.786875,2,30,478,103,2024,16
28,Ajit Agarkar,38,21,11,179,9,20.56,154,112.55199999999999,0,0,13,5,2013,5
29,Ajit Chandila,8,1,1,4,4,0.0,6,66.66,0,0,0,0,2013,1
30,Akash Deep,3,2,1,19,2,8.5,10,156.25,0,0,2,1,2024,2
31,Akash Madhwal,5,1,1,4,4,0.0,5,80.0,0,0,0,0,2024,1
32,Akeal Hosein,1,1,1,16,16,0.0,10,160.0,0,0,1,1,2023,1
33,Akila Dananjaya,1,1,1,4,4,0.0,5,80.0,0,0,0,0,2018,1
34,Akshath Reddy,12,10,0,164,42,18.665,160,106.905,0,0,15,2,2013,2
35,Akshdeep Nath,14,10,0,90,9,6.965,98,62.5775,0,0,7,2,2019,4
36,Albie Morkel,91,68,28,974,73,28.225555555555555,686,141.59333333333333,0,3,61,55,2016,9
37,Alex Carey,3,3,1,32,14,16.0,29,110.34,0,0,0,1,2020,1
38,Alex Hales,6,6,0,148,45,24.66,118,125.42,0,0,13,6,2018,1
39,Alfonso Thomas,4,2,0,19,12,9.5,15,126.66,0,0,1,1,2012,1
40,Ali Murtaza,9,3,2,10,5,1.6666666666666667,14,75.0,0,0,1,0,2013,3
41,Alzarri Joseph,19,7,6,27,7,1.6666666666666667,32,81.71,0,0,3,0,2023,3
42,Aman Khan,12,10,1,115,51,9.375,104,137.785,0,1,8,6,2023,2
43,Ambati Rayudu,204,187,33,4348,81,28.050714285714285,3409,128.28571428571428,1,22,359,173,2023,14
44,Amit Mishra,154,57,25,381,8,12.03076923076923,419,81.03538461538461,0,0,31,5,2023,13
45,Amit Paunikar,4,4,0,49,20,12.25,57,85.96,0,0,9,0,2011,1
46,Amit Singh,14,4,1,2,1,0.75,7,29.165,0,0,0,0,2011,2
47,Amit Uniyal,2,2,1,4,4,4.0,7,57.14,0,0,0,0,2010,1
48,Andre Russell,127,105,20,2484,88,25.596666666666664,1420,152.80416666666665,0,11,170,209,2024,12
49,Andrew Flintoff,3,3,1,62,24,31.0,53,116.98,0,0,5,2,2009,1
50,Andrew McDonald,9,7,4,120,8,10.5,94,124.52,0,0,9,4,2012,3
51,Andrew Symonds,39,36,9,974,60,45.115,750,131.7375,1,5,74,41,2011,4
52,Andrew Tye,27,13,4,91,6,9.4575,76,90.2175,0,0,6,5,2020,4
53,Angelo Mathews,49,42,11,724,65,21.426666666666666,575,124.66666666666667,0,1,44,29,2017,6
54,Angkrish Raghuvanshi,10,7,0,163,54,23.29,105,155.23,0,1,16,8,2024,1
55,Aniket Choudhary,5,3,2,25,15,25.0,20,125.0,0,0,1,1,2017,1
56,Anil Kumble,42,17,14,35,8,7.5,47,71.74,0,0,3,0,2010,3
57,Anirudh Singh,5,4,0,63,40,15.75,66,95.45,0,0,6,1,2010,1
58,Ankeet Chavan,10,3,1,12,7,6.0,11,85.41499999999999,0,0,2,0,2012,2
59,Ankit Bawne,1,1,1,12,12,0.0,12,100.0,0,0,1,0,2017,1
60,Ankit Rajpoot,19,6,1,24,8,5.553333333333334,35,69.41666666666667,0,0,2,1,2020,3
61,Ankit Sharma,20,10,3,87,7,11.0,67,127.022,0,0,7,4,2017,5
62,Ankit Soni,7,3,1,7,7,3.5,9,77.77,0,0,0,1,2017,1
63,Anmolpreet Singh,9,9,0,139,8,12.8125,115,106.4125,0,0,19,3,2024,4
64,Anrich Nortje,38,15,9,49,4,5.3325,49,77.725,0,0,6,0,2024,4
65,Anshul Kamboj,3,1,1,2,2,0.0,2,100.0,0,0,0,0,2024,1
66,Anuj Rawat,24,21,5,318,66,17.74,267,91.1875,0,1,26,14,2024,4
67,Anukul Roy,8,5,3,26,3,5.75,22,110.525,0,0,3,0,2024,2
68,Anureet Singh,18,8,4,36,3,7.0,47,86.02,0,0,2,1,2018,3
69,Anustup Majumdar,4,4,0,87,31,21.75,76,114.47,0,0,7,2,2012,1
70,Arindam Ghosh,2,2,0,7,7,3.5,8,87.5,0,0,1,0,2009,1
71,Arjun Tendulkar,4,1,0,13,13,13.0,9,144.44,0,0,0,1,2023,1
72,Arjun Yadav,8,6,1,49,16,9.8,39,125.64,0,0,5,2,2008,1
73,Arshad Khan,10,7,3,101,58,25.25,69,136.85,0,1,6,6,2024,2
74,Arshdeep Singh,62,12,7,29,4,2.2,40,74.47999999999999,0,0,4,0,2024,5
75,Arshin Atul Kulkarni,2,2,0,9,9,4.5,8,112.5,0,0,2,0,2024,1
76,Arun Karthik,16,8,3,51,6,5.72,51,85.13,0,0,4,1,2013,3
77,Asad Pathan,8,7,2,39,4,7.125,23,145.98,0,0,5,2,2012,2
78,Ashish Nehra,55,14,11,39,9,5.4,53,68.80199999999999,0,0,3,1,2016,5
79,Ashish Reddy,31,24,9,280,36,19.3525,193,145.4675,0,0,16,15,2016,4
80,Ashley Noffke,1,1,0,9,9,9.0,10,90.0,0,0,1,0,2008,1
81,Ashok Dinda,54,15,7,26,7,3.4166666666666665,42,61.96666666666667,0,0,2,0,2017,6
82,Ashok Menaria,28,22,2,400,40,20.0,354,113.66499999999999,0,0,24,18,2012,2
83,Ashton Turner,6,6,1,24,3,5.75,28,73.33,0,0,0,2,2024,2
84,Ashutosh Sharma,11,9,2,189,61,27.0,113,167.25,0,1,10,15,2024,1
85,Atharva Taide,9,9,0,247,66,28.535,168,150.29500000000002,0,2,27,8,2024,2
86,Avesh Khan,46,9,8,41,7,5.5,24,167.305,0,0,3,3,2024,4
87,Axar Patel,150,113,36,1653,66,21.35363636363636,1263,126.71454545454547,0,3,107,79,2024,11
88,Ayush Badoni,42,35,9,634,59,24.436666666666667,473,133.21,0,4,46,24,2024,3
89,Azhar Bilakhia,7,7,2,69,22,9.375,85,66.35499999999999,0,0,5,0,2010,2
90,Azhar Mahmood,23,21,2,388,80,16.283333333333335,303,114.65333333333332,0,2,39,13,2015,3
91,Azmatullah Omarzai,7,4,0,42,17,10.5,33,127.27,0,0,2,2,2024,1
92,B Indrajith,3,3,0,21,15,7.0,30,70.0,0,0,2,0,2022,1
93,B R Sharath,1,1,0,2,2,2.0,5,40.0,0,0,0,0,2024,1
94,Balachandra Akhil,14,11,5,76,9,12.276666666666666,55,135.38333333333333,0,0,5,5,2011,3
95,Barinder Sran,22,9,8,10,3,1.0,14,80.95,0,0,0,0,2019,3
96,Basil Thampi,19,8,7,32,3,1.0,35,83.33333333333333,0,0,1,1,2019,3
97,Ben Cutting,21,17,6,238,8,19.8,141,158.408,0,0,15,19,2019,5
98,Ben Dunk,3,3,0,40,20,13.33,35,114.28,0,0,7,0,2014,1
99,Ben Laughlin,9,4,2,5,4,2.5,13,34.72,0,0,0,0,2018,2
100,Ben Rohrer,8,8,2,193,64,32.16,140,137.85,0,1,21,5,2013,1
101,Ben Stokes,45,44,6,935,8,19.44,698,106.43166666666666,2,2,81,32,2023,6
102,Beuran Hendricks,7,3,2,1,1,0.0,3,25.0,0,0,0,0,2015,2
103,Bhanuka Rajapaksa,13,13,1,277,50,23.28,191,137.095,0,1,22,15,2023,2
104,Bharat Chipli,23,21,6,280,61,15.215,251,96.9425,0,1,28,7,2013,4
105,Bhargav Bhatt,5,1,1,6,6,0.0,2,300.0,0,0,0,1,2012,1
106,Bhuvneshwar Kumar,172,67,32,305,8,9.544615384615385,325,88.1676923076923,0,0,30,3,2024,13
107,Billy Stanlake,4,1,1,5,5,0.0,2,250.0,0,0,1,0,2018,1
108,Biplap Samantray,8,7,2,123,55,24.6,111,110.81,0,1,13,2,2013,1
109,Bipul Sharma,32,17,9,187,8,17.416666666666668,123,132.115,0,0,11,9,2017,6
110,Bodapati Sumanth,5,4,3,35,16,35.0,37,94.59,0,0,3,0,2010,1
111,Brad Haddin,1,1,0,18,18,18.0,11,163.63,0,0,2,1,2011,1
112,Brad Hodge,66,63,21,1400,73,30.150000000000002,1118,119.10714285714286,0,6,122,43,2014,7
113,Brad Hogg,15,5,2,22,5,7.25,22,105.205,0,0,1,0,2015,2
114,Brendon McCullum,109,109,5,2880,84,28.128181818181815,2186,131.6909090909091,2,13,293,130,2018,11
115,Brett Lee,38,19,9,124,7,14.276666666666666,97,129.31333333333333,0,0,8,8,2013,6
116,Callum Ferguson,9,8,2,98,23,18.25,117,84.12,0,0,9,0,2012,2
117,Cameron Green,29,28,11,707,46,41.05,460,151.765,1,2,62,32,2024,2
118,Cameron White,47,45,9,954,78,25.445999999999998,755,122.34400000000001,0,6,76,36,2013,5
119,Carlos Brathwaite,16,14,1,181,6,12.5825,111,141.1675,0,0,10,16,2019,4
120,Chamara Kapugedera,5,3,0,16,8,5.33,23,69.56,0,0,0,0,2008,1
121,Chaminda Vaas,13,11,3,81,20,14.833333333333334,73,115.91333333333334,0,0,2,3,2010,3
122,Chandan Madan,1,1,0,15,15,15.0,19,78.94,0,0,3,0,2010,1
123,Charl Langeveldt,3,1,0,8,8,8.0,8,100.0,0,0,0,1,2011,1
124,Chetan Sakariya,16,8,2,20,7,3.6,31,65.33,0,0,3,0,2023,2
125,Chetanya Nanda,3,1,0,0,0,0.0,1,0.0,0,0,0,0,2009,1
126,Cheteshwar Pujara,30,22,3,390,51,19.098000000000003,391,97.348,0,1,50,4,2014,5
127,Chidhambaram Gautam,13,13,3,169,4,14.426666666666668,150,106.13666666666666,0,0,17,6,2015,3
128,Chris Gayle,142,141,16,4965,99,38.496923076923075,3333,143.73076923076923,6,31,405,357,2021,13
129,Chris Jordan,33,13,3,81,6,7.109999999999999,77,84.73666666666666,0,0,3,3,2023,6
130,Chris Lynn,42,42,3,1329,93,31.72,945,127.07285714285715,0,10,132,66,2021,7
131,Chris Morris,81,51,23,618,82,26.75375,398,144.68125,0,2,41,35,2021,8
132,Chris Woakes,21,12,6,78,18,6.666666666666667,77,107.90000000000002,0,0,7,2,2021,3
133,Clint McKay,2,1,0,8,8,8.0,15,53.33,0,0,0,0,2012,1
134,Colin Ingram,15,15,3,205,47,14.45,180,100.12,0,0,22,5,2019,2
135,Colin Munro,13,12,0,177,40,14.533333333333333,141,124.55,0,0,19,8,2019,3
136,Colin de Grandhomme,25,21,5,303,40,19.093333333333334,225,128.92333333333332,0,0,18,18,2019,3
137,Corey Anderson,30,29,7,538,95,23.345,423,114.1575,0,3,40,31,2018,4
138,D'Arcy Short,7,7,0,115,44,16.42,99,116.16,0,0,11,5,2018,1
139,Dale Steyn,93,36,14,167,8,7.287999999999999,160,79.546,0,0,14,3,2020,10
140,Damien Martyn,1,1,0,19,19,19.0,24,79.16,0,0,1,0,2010,1
141,Dan Christian,49,41,10,460,9,13.4,398,96.78333333333332,0,0,23,19,2021,6
142,Daniel Harris,4,4,0,111,47,27.75,101,109.9,0,0,11,5,2012,1
143,Daniel Sams,16,13,4,44,3,3.81,44,68.51666666666667,0,0,1,3,2022,3
144,Daniel Vettori,25,13,7,87,20,21.25,81,107.86333333333334,0,0,8,2,2012,3
145,Darren Bravo,1,1,1,6,6,0.0,5,120.0,0,0,1,0,2017,1
146,Darren Lehmann,2,2,0,18,17,9.0,18,100.0,0,0,3,0,2008,1
147,Darren Sammy,22,20,5,295,7,16.973333333333333,241,107.57000000000001,0,1,15,18,2015,3
148,Darshan Nalkande,3,1,0,12,12,12.0,11,109.09,0,0,0,1,2024,1
149,Daryl Mitchell,15,15,2,351,63,22.705,267,108.8,0,2,28,10,2024,2
150,Dasun Shanaka,3,3,1,26,17,13.0,26,100.0,0,0,2,1,2023,1
151,David Hussey,64,61,12,1322,71,28.88,1075,123.68714285714285,0,5,90,60,2014,7
152,David Miller,129,123,43,2924,94,36.47416666666667,2100,133.3125,1,13,207,134,2024,12
153,David Warner,177,177,22,6402,93,40.70428571428572,4565,139.24357142857144,4,61,647,231,2024,14
154,David Wiese,18,11,6,148,5,17.166666666666668,101,152.58666666666667,0,0,12,7,2023,3
155,David Willey,8,5,3,53,20,4.5,62,84.685,0,0,7,0,2023,2
156,Davy Jacobs,6,6,0,92,32,15.33,88,104.54,0,0,10,4,2011,1
157,Dawid Malan,1,1,0,26,26,26.0,26,100.0,0,0,1,1,2021,1
158,Debabrata Das,31,22,8,304,35,24.72,261,115.46666666666665,0,0,23,16,2013,3
159,Deepak Chahar,71,13,6,80,7,6.859999999999999,59,115.30666666666667,0,0,2,6,2023,6
160,Deepak Hooda,118,96,16,1465,64,26.044,1131,127.73299999999999,0,8,96,61,2024,10
161,Devdutt Padikkal,64,64,2,1559,74,23.358,1266,115.032,1,9,169,42,2024,5
162,Devon Conway,23,22,3,924,92,46.845,654,142.68,0,9,99,30,2023,2
163,Devraj Patil,2,2,0,13,9,6.5,13,100.0,0,0,1,0,2008,1
164,Dewald Brevis,10,10,0,230,49,23.0,172,129.70499999999998,0,0,17,16,2024,2
165,Dhawal Kulkarni,84,22,13,100,7,2.4545454545454546,107,99.77272727272727,0,0,6,2,2020,11
166,Dhruv Jurel,28,22,7,347,56,23.045,229,155.505,0,2,29,16,2024,2
167,Dhruv Shorey,2,2,0,13,8,6.5,17,75.69,0,0,0,1,2019,2
168,Dilhara Fernando,10,2,2,4,2,0.0,3,150.0,0,0,0,0,2010,2
169,Dillon du Preez,2,1,0,10,10,10.0,13,76.92,0,0,0,0,2009,1
170,Dimitri Mascarenhas,13,11,2,79,9,7.081999999999999,78,104.0,0,0,5,1,2013,5
171,Dinesh Karthik,242,221,45,4554,97,27.273125,3360,136.571875,0,21,446,152,2024,16
172,Dinesh Salunkhe,6,3,1,33,26,16.5,24,137.5,0,0,5,0,2008,1
173,Dirk Nannes,9,2,1,4,3,4.0,13,30.76,0,0,0,0,2010,1
174,Dishant Yagnik,25,17,7,170,4,14.155,137,115.47,0,0,23,2,2014,4
175,Doddapaneni Kalyankrishna,3,1,0,3,3,3.0,8,37.5,0,0,0,0,2008,1
176,Dominic Thornely,6,4,2,39,30,19.5,53,73.58,0,0,2,2,2008,1
177,Domnic Joseph,6,2,1,1,1,1.0,3,33.33,0,0,0,0,2015,1
178,Donovan Ferreira,2,2,0,8,7,4.0,11,72.72,0,0,0,0,2024,1
179,Doug Bollinger,14,3,2,21,3,1.5,22,82.94,0,0,1,1,2012,2
180,Doug Bracewell,1,1,1,12,12,0.0,9,133.33,0,0,1,0,2012,1
181,Dushmantha Chameera,12,8,4,43,17,10.75,28,153.57,0,0,3,3,2022,1
182,Dwaine Pretorius,6,5,1,44,22,11.0,28,157.14,0,0,3,3,2022,1
183,Dwaraka Ravi Teja,32,25,6,375,60,16.392000000000003,317,107.04,0,1,35,9,2013,5
184,Dwayne Bravo,161,113,44,1560,8,20.384999999999998,1204,147.3,0,5,120,66,2022,14
185,Dwayne Smith,91,89,5,2385,87,26.193333333333335,1764,133.45555555555555,0,17,245,117,2017,9
186,Eklavya Dwivedi,4,2,0,24,19,12.0,14,171.42,0,0,2,2,2016,1
187,Eoin Morgan,83,75,13,1405,68,21.485,1146,117.695,0,5,112,64,2021,8
188,Evin Lewis,27,26,2,654,65,24.9775,477,130.85250000000002,0,4,62,36,2022,4
189,Fabian Allen,5,4,2,14,8,7.0,19,82.14,0,0,1,0,2022,2
190,Faf Du Plessis,45,45,2,1636,96,38.85,1113,147.60666666666665,0,15,156,70,2024,3
191,Faf du Plessis,100,93,9,2935,96,31.853333333333335,2239,128.24222222222224,0,22,265,96,2021,9
192,Faiz Fazal,12,11,1,183,45,15.0,173,103.245,0,0,22,1,2011,2
193,Farhaan Behardien,3,3,1,14,9,7.0,13,107.69,0,0,2,0,2016,1
194,Fazalhaq Farooqi,7,2,2,3,2,0.0,13,22.5,0,0,0,0,2023,2
195,Gautam Gambhir,139,137,15,3931,93,31.540999999999997,3126,122.81300000000002,0,35,459,57,2018,10
196,George Bailey,40,37,10,663,61,22.718,544,107.86399999999999,0,2,59,19,2016,5
197,George Garton,5,3,2,2,2,2.0,4,50.0,0,0,0,0,2021,1
198,Gerald Coetzee,10,5,1,14,8,3.5,22,63.63,0,0,0,1,2024,1
199,Glenn Maxwell,134,129,17,2771,95,21.77333333333333,1768,140.24416666666667,0,18,232,160,2024,12
200,Glenn McGrath,14,3,2,4,4,4.0,5,80.0,0,0,1,0,2008,1
201,Glenn Phillips,8,8,1,65,25,10.4,55,128.025,0,0,3,6,2023,2
202,Graeme Smith,29,29,3,739,91,25.1925,668,103.7825,0,4,94,9,2011,4
203,Graham Napier,1,1,0,15,15,15.0,16,93.75,0,0,1,0,2009,1
204,Gulbadin Naib,2,1,0,19,19,19.0,15,126.66,0,0,1,1,2024,1
205,Gurkeerat Mann Singh,39,32,8,511,65,17.403333333333332,422,121.49000000000001,0,2,55,11,2020,6
206,Halhadar Das,1,1,0,2,2,2.0,5,40.0,0,0,0,0,2008,1
207,Hanuma Vihari,24,23,3,284,46,9.653333333333334,321,82.70333333333333,0,0,23,1,2019,3
208,Harbhajan Singh,163,90,37,833,7,14.541538461538462,604,124.93769230769232,0,1,79,42,2021,13
209,Hardik Pandya,137,128,40,2525,91,28.088,1734,143.48999999999998,0,10,189,136,2024,10
210,Hardus Viljoen,6,3,1,3,2,1.5,7,42.85,0,0,0,0,2019,1
211,Harmeet Singh Bansal,10,3,1,18,3,9.0,11,144.64,0,0,3,0,2013,2
212,Harpreet Bhatia,5,5,0,104,41,19.585,93,104.955,0,0,10,3,2024,2
213,Harpreet Brar,40,24,13,233,29,10.7,190,126.14000000000001,0,0,19,9,2024,5
214,Harpreet Singh,3,3,1,20,6,10.0,26,85.0,0,0,0,0,2012,2
215,Harry Brook,11,11,2,190,100,21.11,154,123.37,1,0,23,4,2023,1
216,Harry Gurney,8,1,1,1,1,0.0,5,20.0,0,0,0,0,2019,1
217,Harshal Patel,99,41,14,249,9,11.898,203,112.02799999999999,0,0,16,15,2024,10
218,Harshit Rana,2,2,1,2,2,2.0,2,100.0,0,0,0,0,2022,1
219,Hashim Amla,16,16,3,577,96,43.08,407,138.88,2,3,60,21,2017,2
220,Heinrich Klaasen,35,32,6,993,80,28.3,590,139.8525,1,6,56,64,2024,4
221,Herschelle Gibbs,36,36,4,886,69,29.8675,807,106.72,0,6,83,31,2012,4
222,Hrithik Shokeen,13,6,3,66,25,22.25,65,112.435,0,0,9,0,2023,2
223,Imran Tahir,41,8,4,33,5,2.3333333333333335,37,77.45833333333333,0,0,5,0,2020,6
224,Iqbal Abdulla,36,10,8,86,6,1.6666666666666667,80,91.95,0,0,9,1,2017,6
225,Irfan Pathan,103,82,29,1139,7,18.97,946,108.91888888888889,0,1,87,37,2017,9
226,Ish Sodhi,8,2,0,7,6,3.5,17,35.6,0,0,0,0,2019,2
227,Ishan Kishan,104,99,6,2644,99,27.246666666666666,1946,130.96444444444444,0,16,255,119,2024,9
228,Ishan Malhotra,1,1,1,7,7,0.0,4,175.0,0,0,1,0,2011,1
229,Ishank Jaggi,7,7,2,76,28,18.166666666666668,97,77.23333333333333,0,0,6,0,2017,3
230,Ishant Sharma,79,25,19,57,9,3.625,69,106.57874999999999,0,0,4,2,2024,8
231,Isuru Udana,10,4,1,15,10,5.0,11,136.36,0,0,1,1,2020,1
232,JM Kemp,5,2,0,26,22,13.0,24,108.33,0,0,1,1,2010,1
233,JP Duminy,83,77,26,2029,78,42.67625,1636,119.85,0,14,126,79,2018,8
234,Jacob Oram,15,11,4,106,41,16.33,105,122.31,0,0,6,5,2009,2
235,Jacques Kallis,98,96,11,2427,89,28.61285714285714,2222,109.36428571428571,0,17,255,44,2014,7
236,Jagadeesan Narayan,8,8,1,129,39,27.415,118,108.985,0,0,17,2,2023,2
237,Jagadeesh Arunkumar,3,3,0,23,22,7.66,23,100.0,0,0,5,0,2008,1
238,Jagadeesha Suchith,21,10,6,70,6,13.75,61,112.08250000000001,0,0,6,3,2022,4
239,Jake Fraser - McGurk,9,9,0,330,84,36.67,141,234.04,0,4,32,28,2024,1
240,James Faulkner,59,45,20,527,46,21.301666666666666,389,126.26333333333334,0,0,36,23,2017,6
241,James Franklin,20,16,5,327,79,38.97,301,117.91,0,1,25,8,2012,2
242,James Hopes,21,19,3,417,71,29.645000000000003,306,136.685,0,4,49,11,2011,2
243,James Neesham,2,2,0,31,17,15.5,27,114.81,0,0,3,0,2022,1
244,James Pattinson,10,2,1,15,11,15.0,13,115.38,0,0,2,0,2020,1
245,Jaskaran Singh,6,4,3,8,4,8.0,11,72.72,0,0,0,0,2010,1
246,Jason Behrendorff,12,2,2,6,3,0.0,9,66.66,0,0,0,0,2023,1
247,Jason Holder,40,27,6,259,47,14.055,211,122.09666666666668,0,0,13,18,2023,6
248,Jason Roy,21,21,2,614,91,31.2825,443,137.675,0,4,75,21,2023,4
249,Jasprit Bumrah,113,24,19,68,8,5.25,70,86.38125,0,0,5,1,2024,8
250,Javon Searles,4,2,1,8,6,8.0,6,133.33,0,0,0,1,2018,1
251,Jayant Yadav,10,5,1,40,5,10.0,36,95.38,0,0,2,1,2021,2
252,Jaydev Unadkat,79,30,14,195,9,8.935555555555556,164,89.98333333333333,0,0,16,7,2024,9
253,Jeevan Mendis,3,3,0,23,12,7.66,27,85.18,0,0,0,0,2013,1
254,Jesse Ryder,29,29,1,604,86,19.753333333333334,458,127.75,0,4,69,19,2012,3
255,Jhye Richardson,4,3,0,17,2,4.75,26,81.25,0,0,2,0,2024,2
256,Jimmy Neesham,12,8,1,61,22,7.833333333333333,66,65.61666666666666,0,0,3,2,2021,3
257,Jitesh Sharma,40,36,4,730,49,23.34,483,150.46,0,0,53,45,2024,3
258,Joe Denly,1,1,0,0,0,0.0,1,0.0,0,0,0,0,2019,1
259,Joe Root,3,1,0,10,10,10.0,15,66.66,0,0,1,0,2023,1
260,Jofra Archer,40,25,12,199,8,13.8325,128,129.57,0,0,11,14,2023,4
261,Joginder Sharma,12,5,2,36,16,14.0,29,128.28,0,0,1,2,2009,2
262,Johan Botha,34,28,8,409,67,20.298000000000002,359,126.082,0,1,39,5,2015,5
263,Johan van der Wath,3,3,1,18,14,9.0,16,112.5,0,0,1,1,2011,1
264,Jonny Bairstow,50,50,4,1589,97,36.221999999999994,1100,144.63400000000001,2,9,166,69,2024,5
265,Jos Buttler,107,106,12,3582,95,37.61666666666667,2428,147.28,7,19,355,161,2024,9
266,Josh Hazlewood,15,6,6,19,7,0.0,28,59.615,0,0,1,0,2023,2
267,Josh Philippe,5,5,1,78,33,19.5,77,101.29,0,0,9,1,2020,1
268,Juan Theron,10,4,2,10,7,0.3333333333333333,12,85.55333333333333,0,0,1,0,2015,3
269,K L Rahul,38,38,4,1410,82,40.906666666666666,1079,128.24,2,10,118,53,2024,3
270,K.S Bharat,8,7,2,191,78,38.2,156,122.43,0,1,10,8,2021,1
271,KC Cariappa,10,5,2,24,9,4.666666666666667,21,148.91666666666666,0,0,0,2,2019,3
272,KL Rahul,94,85,16,3273,98,41.3125,2400,130.915,2,27,282,134,2021,8
273,KP Appanna,7,3,2,2,1,1.0,4,33.33,0,0,0,0,2010,2
274,Kagiso Rabada,74,29,12,206,9,13.265,191,127.445,0,0,16,8,2024,6
275,Kamlesh Nagarkoti,11,7,3,22,8,3.665,33,35.48,0,0,1,0,2021,2
276,Kamran Akmal,6,6,1,128,53,25.6,78,164.1,0,1,13,8,2008,1
277,Kamran Khan,5,1,0,3,3,3.0,5,60.0,0,0,0,0,2009,1
278,Kane Richardson,14,4,1,36,26,6.0,39,81.48,0,0,2,1,2016,3
279,Kane Williamson,78,77,17,2128,89,32.42777777777778,1694,118.97666666666666,0,18,186,64,2024,9
280,Karan Goel,22,17,2,218,38,15.386666666666665,231,93.55333333333334,0,0,17,9,2010,3
281,Karan Sharma,3,3,0,16,9,5.0,25,78.57,0,0,1,0,2023,2
282,Karanveer Singh,9,4,3,12,5,5.5,17,84.375,0,0,1,0,2015,2
283,Karn Sharma,71,38,13,350,39,9.867142857142856,291,124.59571428571428,0,0,20,17,2024,7
284,Kartik Tyagi,16,7,3,13,7,3.1666666666666665,16,77.77333333333333,0,0,1,0,2022,3
285,Karun Nair,76,68,5,1496,9,17.482222222222223,1171,112.14111111111112,0,10,161,39,2022,9
286,Kedar Jadhav,95,81,27,1208,69,15.093333333333334,981,118.2075,0,4,102,40,2023,12
287,Keemo Paul,8,6,1,18,7,3.6,24,75.0,0,0,1,1,2019,1
288,Kemar Roach,2,1,0,10,10,10.0,9,111.11,0,0,1,0,2010,1
289,Keshav Maharaj,2,1,0,1,1,1.0,2,50.0,0,0,0,0,2024,1
290,Kevin Pietersen,36,36,9,1001,66,40.28,743,130.582,1,4,91,40,2016,5
291,Kevon Cooper,25,14,5,116,32,13.916666666666666,68,172.42333333333332,0,0,9,8,2014,3
292,Khaleel Ahmed,23,3,0,1,1,0.3333333333333333,5,16.666666666666668,0,0,0,0,2021,3
293,Kieron Pollard,189,171,52,3412,87,29.536153846153848,2316,146.29153846153847,0,16,218,223,2022,13
294,Krishnakant Upadhyay,1,1,1,11,11,0.0,8,137.5,0,0,0,1,2012,1
295,Krishnappa Gowtham,31,26,9,247,9,19.3125,147,153.0025,0,0,15,17,2023,4
296,Krunal Pandya,127,111,38,1647,86,24.275555555555556,1240,132.84555555555556,0,1,144,61,2024,9
297,Kuldeep Yadav,81,33,21,183,7,17.167142857142856,216,89.18714285714285,0,0,16,3,2024,7
298,Kuldip Yadav,1,1,1,0,0,0.0,4,0.0,0,0,0,0,2021,1
299,Kumar Kartikeya Singh,12,2,0,9,6,4.5,12,72.85499999999999,0,0,1,0,2023,2
300,Kumar Kushagra,4,3,0,3,2,1.0,7,42.85,0,0,0,0,2024,1
301,Kumar Sangakkara,71,68,3,1687,94,25.75333333333333,1392,120.34666666666665,0,10,195,27,2013,6
302,Kushal Janith Perera,2,2,0,14,14,7.0,13,107.69,0,0,3,0,2013,1
303,Kyle Abbott,5,3,2,13,12,13.0,8,162.5,0,0,0,1,2016,1
304,Kyle Jamieson,9,7,3,65,16,16.25,55,118.18,0,0,5,3,2021,1
305,Kyle Mayers,13,13,0,379,73,29.15,263,144.1,0,4,38,22,2023,1
306,LPC Silva,3,3,1,40,23,20.0,26,153.84,0,0,5,1,2008,1
307,Lakshmipathy Balaji,65,15,7,36,9,3.388333333333333,49,75.55499999999999,0,0,2,1,2014,6
308,Lalit Yadav,27,21,5,305,7,18.8,290,99.6525,0,0,27,7,2024,4
309,Lasith Malinga,110,25,9,88,7,2.00875,99,85.7475,0,0,6,5,2017,8
310,Laxmi Ratan Shukla,47,34,7,405,48,13.328571428571427,350,106.8342857142857,0,0,33,16,2014,7
311,Lee Carseldine,5,5,1,81,39,20.25,68,119.11,0,0,11,0,2009,1
312,Lendl Simmons,29,29,2,1079,8,32.2125,852,120.0375,1,11,109,44,2017,4
313,Liam Livingstone,39,39,6,940,94,25.112000000000002,578,147.574,0,6,66,66,2024,5
314,Liam Plunkett,7,2,1,1,1,1.0,3,33.33,0,0,0,0,2018,1
315,Liton Das,1,1,0,4,4,4.0,4,100.0,0,0,1,0,2023,1
316,Lizaad Williams,2,1,1,1,1,0.0,2,50.0,0,0,0,0,2024,1
317,Lockie Ferguson,37,10,7,68,5,0.7,46,127.38,0,0,6,2,2024,5
318,Luke Pomersbach,17,16,5,302,79,51.0,246,116.565,0,1,25,13,2013,4
319,Luke Ronchi,5,5,0,34,13,4.25,34,53.125,0,0,6,1,2009,2
320,Luke Wood,2,1,1,9,9,0.0,3,300.0,0,0,0,1,2024,1
321,Luke Wright,6,6,1,106,44,21.2,60,176.66,0,0,16,3,2013,1
322,MF Maharoof,17,12,3,156,39,15.579999999999998,102,146.5,0,0,12,9,2010,2
323,MS Dhoni,264,229,95,5243,84,42.077058823529406,3812,141.40176470588236,0,24,363,252,2024,17
324,Maheesh Theekshana,9,2,1,7,7,7.0,7,100.0,0,0,0,1,2022,1
325,Mahela Jayawardena,80,78,15,1802,76,29.823333333333334,1462,125.195,1,10,200,39,2013,6
326,Mahesh Rawat,18,12,7,55,8,4.5,69,72.27666666666666,0,0,4,1,2013,3
327,Mahipal Lomror,40,35,6,527,8,18.385714285714283,373,153.3942857142857,0,1,33,30,2024,7
328,Makhaya Ntini,9,2,1,11,11,11.0,18,61.11,0,0,2,0,2008,1
329,Manan Vohra,56,51,2,1083,95,19.33555555555556,829,125.90333333333335,0,3,104,43,2023,9
330,Manav Suthar,1,1,0,1,1,1.0,2,50.0,0,0,0,0,2024,1
331,Mandeep Singh,107,96,16,1702,77,18.479166666666668,1377,114.84833333333334,0,6,175,38,2023,12
332,Manish Pandey,171,159,27,3850,94,31.35647058823529,3179,116.35941176470588,1,22,335,110,2024,17
333,Manoj Tiwary,96,84,26,1686,75,28.313333333333333,1436,116.09666666666665,0,7,155,40,2018,9
334,Manpreet Gony,40,15,6,99,7,11.75,69,120.242,0,0,6,8,2013,5
335,Manpreet Juneja,7,7,0,125,49,17.85,128,97.65,0,0,11,1,2013,1
336,Manvinder Bisla,39,39,1,798,92,17.955000000000002,702,100.19833333333332,0,4,93,23,2015,6
337,Marchant de Lange,1,1,0,1,1,1.0,2,50.0,0,0,0,0,2014,1
338,Marco Jansen,21,13,6,66,8,10.0,66,89.43,0,0,5,2,2024,4
339,Marcus Stoinis,96,88,22,1866,9,27.806666666666665,1314,132.03666666666666,1,9,150,91,2024,9
340,Mark Boucher,31,24,10,394,50,20.285,309,121.605,0,1,32,13,2011,4
341,Mark Wood,5,3,1,12,10,6.0,8,126.66499999999999,0,0,1,1,2023,2
342,Marlon Samuels,15,14,1,161,5,9.653333333333334,172,79.59666666666668,0,0,9,7,2017,3
343,Martin Guptill,13,13,1,270,50,22.666666666666668,196,135.48666666666668,0,1,24,15,2019,3
344,Mashrafe Mortaza,1,1,1,2,2,0.0,2,100.0,0,0,0,0,2009,1
345,Matthew Hayden,32,32,2,1107,93,45.54,805,137.6966666666667,0,8,121,44,2010,3
346,Matthew Short,6,6,0,117,36,19.5,92,127.17,0,0,15,4,2023,1
347,Matthew Wade,15,14,0,183,4,9.01,177,82.36,0,0,23,2,2024,3
348,Mayank Agarwal,127,121,4,2661,99,20.369285714285716,2000,124.90857142857143,1,13,263,98,2024,14
349,Mayank Markande,27,11,8,48,7,5.5,42,123.00999999999999,0,0,5,1,2023,3
350,Michael Bracewell,5,4,2,58,26,29.0,47,123.4,0,0,6,1,2023,1
351,Michael Clarke,6,6,0,98,41,16.33,93,105.37,0,0,12,0,2012,1
352,Michael Hussey,59,58,7,1977,95,38.705714285714286,1612,119.40714285714286,1,15,198,52,2015,7
353,Michael Klinger,4,4,0,73,29,18.25,77,94.8,0,0,9,0,2011,1
354,Michael Lumb,11,11,0,278,83,25.27,192,144.79,0,1,45,6,2010,1
355,Misbah-ul-Haq,8,8,1,117,47,16.71,81,144.44,0,0,10,6,2008,1
356,Mitchell Johnson,54,30,17,167,4,6.4433333333333325,164,100.87333333333333,0,0,10,7,2018,6
357,Mitchell Marsh,42,36,2,665,89,15.85625,521,102.0425,0,3,48,38,2024,8
358,Mitchell McClenaghan,56,24,11,85,20,7.498,70,129.978,0,0,5,7,2019,5
359,Mitchell Santner,16,11,5,70,22,11.9175,71,88.24,0,0,4,3,2024,4
360,Mitchell Starc,41,17,8,105,9,9.886666666666667,109,87.19,0,0,11,0,2024,3
361,Mithun Manhas,44,32,12,439,42,19.630000000000003,408,110.33599999999998,0,0,36,9,2014,5
362,Moeen Ali,67,57,6,1162,93,20.565714285714286,821,135.6885714285714,0,6,95,67,2024,7
363,Mohammad Ashraful,1,1,0,2,2,2.0,10,20.0,0,0,0,0,2009,1
364,Mohammad Asif,8,2,0,3,3,1.5,6,50.0,0,0,0,0,2008,1
365,Mohammad Hafeez,8,3,1,20,13,10.0,22,90.9,0,0,2,1,2008,1
366,Mohammad Kaif,29,22,4,259,34,13.2475,250,101.9975,0,0,22,6,2012,4
367,Mohammad Nabi,24,19,3,215,31,8.373333333333333,150,131.395,0,0,18,11,2024,6
368,Mohammad Shami,94,25,12,74,9,4.555555555555555,79,76.2188888888889,0,0,6,2,2023,9
369,Mohammed Siraj,87,25,15,109,3,10.785714285714286,119,90.2057142857143,0,0,10,4,2024,7
370,Mohit Rathee,1,1,1,1,1,0.0,2,50.0,0,0,0,0,2023,1
371,Mohit Sharma,82,28,12,126,4,5.404285714285714,127,73.93285714285715,0,0,8,4,2024,7
372,Mohnish Mishra,18,17,1,237,41,11.946666666666667,208,108.97666666666667,0,0,24,8,2012,3
373,Mohsin Khan,18,4,2,25,2,12.5,17,171.875,0,0,2,1,2024,2
374,Moises Henriques,62,54,18,1000,9,24.19625,788,124.47375,0,5,87,28,2021,8
375,Morne Morkel,70,23,12,126,8,6.2375,90,117.4325,0,0,11,5,2016,8
376,Mujeeb Ur Rahman,19,7,4,12,10,2.75,15,69.045,0,0,2,0,2021,4
377,Mukesh Choudhary,13,2,1,6,4,6.0,6,100.0,0,0,1,0,2022,1
378,Mukesh Kumar,20,5,4,10,6,1.5,18,55.55,0,0,0,0,2024,2
379,Munaf Patel,32,10,5,37,4,3.75,33,51.730000000000004,0,0,5,0,2017,4
380,Murali Kartik,54,16,9,113,21,5.833333333333333,108,97.76166666666666,0,0,7,1,2013,6
381,Murali Vijay,106,106,5,2619,95,23.326363636363634,2149,113.72727272727273,2,13,247,91,2020,11
382,Murugan Ashwin,42,13,4,35,9,3.25,50,59.70166666666666,0,0,2,1,2022,6
383,Musavir Khote,4,3,1,24,9,12.0,22,109.09,0,0,2,1,2008,1
384,Mustafizur Rahman,31,9,8,13,8,0.25,23,62.6175,0,0,0,1,2023,4
385,Muttiah Muralitharan,40,8,3,20,6,2.0,27,69.78999999999999,0,0,1,0,2012,4
386,Naman Dhir,7,7,1,140,62,23.33,79,177.21,0,1,12,10,2024,1
387,Naman Ojha,113,94,19,1554,94,18.66,1313,105.453,0,6,121,79,2018,10
388,Narayan Jagadeesan,5,2,0,33,33,16.5,29,113.79,0,0,4,0,2020,1
389,Nathan Coulter-Nile,37,16,5,82,9,6.522857142857142,72,105.53,0,0,7,4,2022,7
390,Nathan Ellis,13,4,1,19,12,9.25,23,63.39,0,0,0,1,2023,2
391,Nathan McCullum,2,2,1,26,15,26.0,22,118.18,0,0,0,1,2011,1
392,Navdeep Saini,30,7,3,33,2,8.25,37,75.0,0,0,3,0,2022,4
393,Naveen-Ul-Haq,10,3,3,2,2,0.0,4,50.0,0,0,0,0,2024,1
394,Naveen-ul-Haq,8,3,2,16,13,16.0,21,76.19,0,0,2,0,2023,1
395,Nehal Wadera,14,10,1,241,64,26.78,166,145.18,0,2,23,12,2023,1
396,Nehal Wadhera,6,6,0,109,49,18.17,84,129.76,0,0,9,6,2024,1
397,Nic Maddinson,3,3,0,20,4,6.0,21,85.71000000000001,0,0,4,0,2015,2
398,Nicholas Pooran,76,73,18,1769,77,33.58,1090,155.67166666666665,0,9,113,127,2024,6
399,Nikhil Naik,4,4,0,31,7,6.5,50,50.423333333333325,0,0,2,0,2020,3
400,Niraj Patel,9,6,2,121,57,30.25,119,87.25999999999999,0,1,14,1,2009,2
401,Nitin Saini,10,10,0,140,50,14.0,141,99.29,0,1,16,0,2012,1
402,Nitish Kumar Reddy,13,11,2,303,76,33.67,212,142.92,0,2,15,21,2024,1
403,Nitish Rana,107,101,9,2636,87,28.650000000000002,1952,134.56,0,18,234,132,2024,9
404,Noor Ahmad,23,7,3,13,7,3.25,18,72.215,0,0,2,0,2024,2
405,Nuwan Kulasekara,5,1,1,5,5,0.0,3,166.66,0,0,1,0,2012,1
406,Nuwan Zoysa,3,2,1,11,10,11.0,9,122.22,0,0,1,0,2008,1
407,Obed McCoy,7,1,0,8,8,8.0,5,160.0,0,0,0,1,2022,1
408,Odean Smith,6,6,3,51,25,17.0,44,115.9,0,0,1,5,2022,1
409,Owais Shah,23,22,7,506,76,30.192500000000003,389,133.97,0,4,34,23,2013,4
410,PM Sarvesh Kumar,2,1,1,1,1,0.0,2,50.0,0,0,0,0,2008,1
411,Paidikalva Vijaykumar,9,2,2,1,1,0.0,1,100.0,0,0,0,0,2008,1
412,Pankaj Singh,10,5,3,7,4,0.6666666666666666,12,54.166666666666664,0,0,0,0,2010,3
413,Paras Dogra,13,12,1,127,6,8.623333333333333,138,75.31333333333333,0,0,4,5,2013,3
414,Parthiv Patel,139,137,11,2848,81,22.320833333333336,2358,119.01083333333334,0,13,365,49,2019,12
415,Parveez Rasool,8,4,2,17,4,5.0,20,88.88666666666666,0,0,1,0,2016,3
416,Parvinder Awana,12,2,2,4,4,0.0,5,80.0,0,0,0,0,2012,1
417,Pat Cummins,57,41,15,515,66,17.611666666666668,344,140.845,0,3,33,34,2024,6
418,Paul Collingwood,8,7,2,203,75,40.6,156,130.12,0,3,9,13,2010,1
419,Paul Valthaty,23,23,1,505,6,12.4025,418,70.27250000000001,1,2,61,20,2013,4
420,Pawan Negi,47,35,9,365,5,13.791666666666666,289,107.39333333333333,0,0,27,16,2019,6
421,Peter Handscomb,2,1,0,6,6,6.0,12,50.0,0,0,0,0,2016,1
422,Phil Salt,21,21,2,653,89,33.4,372,172.95,0,6,74,34,2024,2
423,Pinal Shah,16,10,2,92,5,10.386666666666667,91,100.35333333333334,0,0,9,2,2011,3
424,Piyush Chawla,185,92,36,624,8,10.189333333333334,563,98.916,0,0,56,20,2024,15
425,Prabhsimran Singh,19,19,0,384,71,14.215,268,108.3775,0,2,38,22,2024,4
426,Pradeep Sahu,5,2,1,19,18,19.0,13,146.15,0,0,1,1,2016,1
427,Pradeep Sangwan,26,10,3,20,6,2.3333333333333335,34,66.90333333333334,0,0,1,0,2022,6
428,Pragyan Ojha,69,20,9,13,4,1.366,37,37.498000000000005,0,0,0,0,2013,5
429,Prashant Chopra,1,1,0,8,8,8.0,6,133.33,0,0,2,0,2018,1
430,Prasidh Krishna,51,10,7,9,4,1.2,24,24.0,0,0,0,0,2022,5
431,Praveen Dubey,1,1,0,16,16,16.0,20,80.0,0,0,2,0,2023,1
432,Praveen Kumar,119,59,21,344,7,7.635,315,94.042,0,0,23,17,2017,10
433,Pravin Dubey,3,1,1,7,7,0.0,13,53.84,0,0,0,0,2020,1
434,Pravin Tambe,33,6,4,18,7,0.625,39,50.5975,0,0,1,0,2016,4
435,Prayas Ray Barman,1,1,0,19,19,19.0,24,79.16,0,0,2,0,2019,1
436,Prerak Mankad,6,6,3,97,64,15.5,73,264.58,0,1,13,2,2023,2
437,Prithvi Raj Yarra,2,1,1,0,0,0.0,1,0.0,0,0,0,0,2019,1
438,Prithvi Shaw,79,79,0,1892,99,23.577142857142857,1283,146.25428571428571,0,14,238,61,2024,7
439,Priyam Garg,23,19,1,273,51,15.7925,241,113.035,0,1,16,9,2023,4
440,Quinton De Kock,30,30,1,901,81,31.590000000000003,629,141.18666666666667,1,7,86,40,2024,3
441,Quinton de Kock,77,77,5,2256,81,28.44875,1723,120.7125,1,16,230,83,2021,8
442,RP Singh,67,30,15,52,4,3.382,76,61.38199999999999,0,0,2,1,2012,5
443,Rachin Ravindra,10,10,0,222,61,22.2,138,160.86,0,1,22,12,2024,1
444,Rahmanullah Gurbaz,14,13,0,289,81,25.82,216,134.15,0,2,24,19,2024,2
445,Rahul Chahar,64,21,7,129,8,7.105,115,109.27499999999999,0,0,13,5,2024,6
446,Rahul Dravid,89,82,5,2174,75,28.171666666666667,1882,116.85333333333334,0,11,269,28,2013,6
447,Rahul Sharma,42,20,6,66,2,5.2275,75,77.1725,0,0,5,3,2013,4
448,Rahul Shukla,3,3,2,18,14,18.0,21,85.71,0,0,2,0,2014,1
449,Rahul Tewatia,92,65,25,1013,53,23.91888888888889,752,135.66555555555556,0,1,84,47,2024,9
450,Rahul Tripathi,95,93,11,2236,93,26.96,1605,137.3075,0,12,223,84,2024,8
451,Raiphi Gomez,13,9,4,50,4,4.6,51,246.0,0,0,5,1,2013,2
452,Rajagopal Sathish,34,25,8,270,27,14.575,231,107.9325,0,0,22,6,2016,4
453,Rajangad Bawa,2,2,0,11,11,5.5,14,78.57,0,0,1,0,2022,1
454,Rajat Bhatia,87,44,19,334,26,13.876666666666667,266,112.83222222222223,0,0,23,13,2017,9
455,Rajat Patidar,27,24,1,799,55,34.54333333333333,503,148.13,1,7,51,54,2024,3
456,Rajesh Bishnoi,3,3,0,19,18,6.33,17,111.76,0,0,1,2,2009,1
457,Ramandeep Singh,20,13,7,170,35,26.875,102,157.055,0,0,8,13,2024,2
458,Ramesh Powar,26,10,7,67,8,9.75,64,96.245,0,0,6,1,2011,4
459,Ramnaresh Sarwan,4,4,0,73,31,18.25,75,97.33,0,0,6,1,2008,1
460,Rashid Khan,121,60,23,545,79,14.85875,337,158.05375,0,1,39,38,2024,8
461,Rasikh Salam,11,6,1,40,7,4.666666666666667,40,111.66333333333334,0,0,5,0,2024,3
462,Rassie van der Dussen,3,3,1,22,12,11.0,24,91.66,0,0,2,0,2022,1
463,Ravi Bishnoi,52,14,6,32,6,4.0,49,56.015,0,0,2,0,2024,4
464,Ravi Bopara,24,22,4,531,84,29.2,453,117.55666666666666,0,3,39,16,2015,3
465,Ravi Rampaul,12,7,2,51,23,11.25,50,101.35,0,0,3,2,2014,2
466,Ravichandran Ashwin,212,94,34,800,8,12.334,675,107.98466666666667,0,1,61,28,2024,15
467,Ravindra Jadeja,240,184,76,2959,62,30.63125,2281,130.5075,0,3,215,107,2024,16
468,Reece Topley,4,1,1,3,3,0.0,6,50.0,0,0,0,0,2024,1
469,Reetinder Sodhi,3,1,1,4,4,0.0,2,200.0,0,0,1,0,2010,1
470,Richard Gleeson,2,1,1,2,2,0.0,2,100.0,0,0,0,0,2024,1
471,Richard Levi,6,6,0,83,50,13.83,73,113.69,0,1,10,4,2012,1
472,Ricky Bhui,4,4,0,10,7,2.8333333333333335,26,30.55333333333333,0,0,0,0,2024,3
473,Ricky Ponting,10,9,0,91,28,10.075,128,71.455,0,0,5,2,2013,2
474,Rilee Rossouw,22,22,2,473,82,19.06,308,141.3075,0,2,45,25,2024,4
475,Rinku Singh,46,40,11,893,67,24.911666666666665,623,124.87666666666667,0,4,67,46,2024,6
476,Ripal Patel,9,7,2,80,6,15.776666666666666,73,135.51333333333332,0,0,6,2,2023,3
477,Rishabh Pant,111,110,17,3284,97,34.8225,2205,147.7225,1,18,296,154,2024,8
478,Rishi Dhawan,38,24,13,210,25,15.75,187,135.15166666666667,0,0,18,7,2023,6
479,Riyan Parag,70,58,10,1173,84,22.938333333333333,868,126.12,0,6,84,60,2024,6
480,Rob Quiney,7,7,0,103,51,14.71,102,100.98,0,1,12,3,2009,1
481,Robin Peterson,5,5,2,32,16,10.66,30,106.66,0,0,3,1,2012,1
482,Robin Uthappa,205,197,17,4952,88,27.520666666666667,3799,130.64066666666668,0,27,481,182,2022,15
483,Roelof van der Merwe,18,15,4,159,8,6.8125,141,87.495,0,0,11,8,2013,4
484,Rohan Gavaskar,2,1,0,2,2,2.0,8,25.0,0,0,0,0,2010,1
485,Rohan Raje,10,5,4,20,6,6.0,18,111.105,0,0,1,1,2009,2
486,Rohit Sharma,257,252,29,6628,98,30.05235294117647,5054,131.08529411764704,2,43,599,280,2024,17
487,Romario Shepherd,9,8,4,115,39,28.75,62,206.44,0,0,7,10,2024,2
488,Ronit More,2,1,1,2,2,0.0,2,100.0,0,0,0,0,2015,1
489,Ross Taylor,55,54,14,1017,81,25.502857142857145,822,121.86428571428571,0,3,66,46,2014,7
490,Rovman Powell,27,22,3,360,67,14.833333333333334,244,126.31333333333333,0,1,21,28,2024,3
491,Ruturaj  Gaikwad,14,14,0,368,99,26.29,291,126.46,0,3,33,14,2022,1
492,Ruturaj Gaikwad,52,51,8,2012,92,47.8725,1448,136.4075,2,15,184,77,2024,4
493,Ryan Harris,37,21,9,117,9,11.690000000000001,112,103.03,0,0,6,3,2013,5
494,Ryan McLaren,18,13,5,159,51,17.833333333333332,171,79.8,0,1,14,1,2013,3
495,Ryan Ninan,2,1,0,3,3,3.0,6,50.0,0,0,0,0,2011,1
496,Ryan ten Doeschate,29,22,8,326,70,25.131999999999998,235,134.922,0,1,26,15,2015,5
497,Sachin Baby,19,11,1,144,7,9.7,118,83.66250000000001,0,0,11,5,2021,4
498,Sachin Rana,11,8,4,91,19,21.165,81,112.4,0,0,9,1,2014,2
499,Sachin Tendulkar,78,78,11,2334,89,34.333333333333336,1948,118.49666666666667,1,13,295,29,2013,6
500,Sachithra Senanayake,8,4,3,10,7,10.0,17,58.82,0,0,0,0,2013,1
501,Sai Kishore,5,2,1,13,13,13.0,6,216.66,0,0,0,2,2024,1
502,Sai Sudharsan,25,25,3,1034,96,45.29,743,136.62333333333333,1,6,95,31,2024,3
503,Salman Butt,7,7,0,193,73,27.57,161,119.87,0,1,30,2,2008,1
504,Sam Billings,30,27,1,503,56,16.528,388,106.22200000000001,0,3,40,20,2022,5
505,Sam Curran,59,48,13,883,63,24.052,647,151.394,0,5,74,37,2024,5
506,Sameer Rizwi,8,5,1,51,21,12.75,43,118.6,0,0,4,2,2024,1
507,Samuel Badree,7,5,0,13,8,2.6,23,56.52,0,0,0,0,2017,1
508,Sanath Jayasuriya,30,30,2,772,52,23.27333333333333,532,129.72666666666666,1,4,85,39,2010,3
509,Sandeep Lamichhane,6,1,0,0,0,0.0,1,0.0,0,0,0,0,2019,1
510,Sandeep Sharma,107,26,20,54,9,2.5555555555555554,69,81.93666666666667,0,0,4,0,2023,9
511,Sanjay Bangar,11,7,1,47,17,7.83,49,95.91,0,0,1,3,2008,1
512,Sanju Samson,168,163,19,4419,92,30.68166666666667,3180,137.8775,3,25,352,206,2024,12
513,Sanvir Singh,6,5,3,25,8,12.5,21,119.44,0,0,2,1,2024,2
514,Sarfaraz Khan,50,37,11,585,67,22.00375,448,119.3225,0,1,63,14,2023,8
515,Saurabh Tiwary,93,73,21,1494,61,25.89,1244,119.73545454545456,0,8,111,50,2021,11
516,Saurav Chauhan,3,3,0,18,9,6.0,15,120.0,0,0,1,1,2024,1
517,Scott Styris,12,10,3,131,5,10.886666666666665,133,172.01666666666665,0,0,10,3,2011,3
518,Sean Abbott,3,3,0,22,7,7.25,18,127.69,0,0,1,2,2022,2
519,Shadab Jakati,30,5,4,28,6,6.666666666666667,29,80.55333333333334,0,0,3,0,2016,3
520,Shahbaz Ahmed,55,37,9,536,59,14.038,440,113.902,0,1,28,25,2024,5
521,Shahbaz Nadeem,52,19,6,39,6,1.995,84,40.2475,0,0,2,0,2021,8
522,Shahid Afridi,10,9,1,81,33,10.12,46,176.08,0,0,7,6,2008,1
523,Shahrukh Khan,40,38,10,553,58,19.747500000000002,391,144.45499999999998,0,1,35,37,2024,4
524,Shai Hope,9,9,1,183,41,22.88,122,150.0,0,0,12,12,2024,1
525,Shakib Al Hasan,71,52,12,793,9,15.222222222222221,637,117.13444444444445,0,2,73,21,2021,9
526,Shalabh Srivastava,14,4,3,5,3,0.5,5,91.665,0,0,0,0,2011,2
527,Shams Mulani,2,1,1,1,1,0.0,1,100.0,0,0,0,0,2024,1
528,Shane Bond,8,1,0,1,1,1.0,2,50.0,0,0,0,0,2010,1
529,Shane Harwood,3,2,2,9,6,0.0,14,64.28,0,0,0,0,2009,1
530,Shane Warne,55,29,9,198,5,8.625,214,78.5925,0,0,14,6,2011,4
531,Shane Watson,145,141,16,3874,96,31.699166666666667,2809,135.3658333333333,4,21,376,190,2020,12
532,Shanthakumaran Sreesanth,22,8,6,33,4,0.16666666666666666,48,55.81666666666667,0,0,6,0,2011,3
533,Shardul Thakur,95,37,12,307,7,7.958888888888889,221,132.96333333333334,0,1,27,13,2024,9
534,Shashank Singh,24,19,7,423,68,30.75,262,155.72500000000002,0,2,33,25,2024,2
535,Shaun Marsh,71,69,7,2477,95,38.614444444444445,1866,131.6222222222222,1,20,266,78,2017,9
536,Shaun Pollock,13,8,0,147,33,18.37,111,132.43,0,0,12,8,2008,1
537,Shaun Tait,12,4,2,22,11,11.0,23,96.15,0,0,1,1,2011,2
538,Sheldon Cottrell,6,1,0,0,0,0.0,2,0.0,0,0,0,0,2020,1
539,Sheldon Jackson,9,8,2,61,8,12.375,57,105.52,0,0,5,1,2022,2
540,Sherfane Rutherford,10,9,2,106,28,15.55,104,100.59,0,0,3,8,2022,2
541,Shikhar Dhawan,222,221,29,6769,99,33.978235294117646,5324,124.52470588235295,2,51,768,152,2024,17
542,Shimron Hetmyer,72,66,26,1244,75,30.108333333333334,812,151.54833333333332,0,4,76,82,2024,6
543,Shivam Dube,65,61,11,1502,95,27.233333333333334,1024,140.01,0,9,86,101,2024,6
544,Shivam Mavi,32,12,3,51,9,5.8325,56,81.4825,0,0,4,2,2022,4
545,Shivam Sharma,4,2,1,5,4,5.0,3,166.66,0,0,1,0,2014,1
546,Shivam Singh,1,1,1,2,2,0.0,3,66.66,0,0,0,0,2024,1
547,Shivil Kaushik,7,2,1,0,0,0.0,1,0.0,0,0,0,0,2016,1
548,Shivnarine Chanderpaul,3,3,0,25,16,8.33,31,80.64,0,0,4,0,2008,1
549,Shoaib Ahmed,7,3,1,1,1,0.5,6,16.66,0,0,0,0,2009,1
550,Shoaib Akhtar,3,1,0,2,2,2.0,7,28.57,0,0,0,0,2008,1
551,Shoaib Malik,7,5,1,52,24,13.0,47,110.63,0,0,5,0,2008,1
552,Shoaib Shaikh,2,1,0,6,6,6.0,7,85.71,0,0,1,0,2009,1
553,Shreevats Goswami,31,21,1,293,8,14.315714285714284,295,85.39714285714285,0,1,32,3,2020,7
554,Shreyas Gopal,49,22,8,180,9,7.7075,169,104.25,0,0,19,2,2022,8
555,Shreyas Iyer,116,115,18,3127,96,31.13666666666667,2453,121.86111111111111,0,21,271,113,2024,9
556,Shrikant Wagh,7,2,0,2,2,1.0,3,66.66,0,0,0,0,2011,1
557,Shubham Dubey,4,3,1,33,25,16.5,19,173.68,0,0,3,2,2024,1
558,Shubman Gill,103,100,15,3216,96,37.31714285714286,2370,134.96857142857144,4,20,310,95,2024,7
559,Siddarth Kaul,53,12,8,20,7,0.16666666666666666,36,49.865,0,0,1,0,2021,6
560,Siddharth Chitnis,11,8,1,99,9,11.5,89,115.3625,0,0,10,2,2012,4
561,Siddharth Trivedi,64,13,7,42,9,4.5,57,72.13799999999999,0,0,3,1,2013,5
562,Siddhesh Lad,1,1,0,15,15,15.0,13,115.38,0,0,1,1,2019,1
563,Sikandar Raza,9,9,2,182,57,24.65,136,127.49000000000001,0,1,12,8,2024,2
564,Simarjeet Singh,6,3,2,7,3,7.0,8,87.5,0,0,0,0,2022,1
565,Simon Katich,11,11,1,241,75,56.055,186,131.53,0,2,26,8,2009,2
566,Simran Singh,15,15,0,372,14,19.785,249,138.845,1,1,40,19,2023,2
567,Sohail Tanvir,11,5,2,36,13,12.0,29,124.13,0,0,3,1,2008,1
568,Sourav Ganguly,59,56,3,1349,91,25.407999999999998,1263,101.25399999999999,0,7,137,42,2012,5
569,Spencer Johnson,5,3,3,6,5,0.0,7,85.71,0,0,1,0,2024,1
570,Sreenath Aravind,29,12,8,59,9,2.0,57,104.375,0,0,7,0,2017,4
571,Sridharan Sriram,2,2,0,31,4,15.5,36,75.12,0,0,3,0,2011,2
572,Srikar Bharat,2,2,0,8,8,4.0,7,114.28,0,0,2,0,2022,1
573,Srikkanth Anirudha,15,9,3,106,64,6.1875,93,114.465,0,1,7,5,2014,4
574,Stephen Fleming,10,10,1,196,45,21.77,164,119.51,0,0,27,3,2008,1
575,Steve Smith,103,93,21,2485,84,35.42111111111111,1940,128.60000000000002,1,11,225,60,2021,9
576,Stuart Binny,95,68,23,880,8,19.958,683,132.66500000000002,0,0,66,35,2019,10
577,Subramaniam Badrinath,95,67,20,1441,71,31.05,1212,118.39333333333333,0,11,154,28,2013,6
578,Sudeep Tyagi,6,1,1,3,3,0.0,4,75.0,0,0,0,0,2010,1
579,Sumit Kumar,4,3,1,18,9,9.0,24,75.0,0,0,2,1,2024,1
580,Sumit Narwal,7,4,1,37,23,15.0,27,134.995,0,0,6,0,2013,2
581,Sunil Joshi,4,2,0,6,3,3.0,14,42.85,0,0,0,0,2008,1
582,Sunil Narine,177,110,20,1534,9,11.795384615384616,925,123.79307692307692,1,7,164,97,2024,13
583,Sunny Singh,6,5,1,43,20,10.75,31,138.7,0,0,6,1,2011,1
584,Sunny Sohal,21,20,0,368,62,13.756666666666666,292,101.33666666666666,0,2,34,18,2011,3
585,Suraj Randiv,8,1,0,2,2,2.0,4,50.0,0,0,0,0,2011,1
586,Suresh Raina,205,200,30,5528,98,32.963846153846156,4042,135.91615384615386,1,39,506,203,2021,13
587,Suryakumar Yadav,149,134,23,3594,82,31.505454545454544,2469,142.9618181818182,2,24,385,130,2024,11
588,Suyash S Prabhudessai,11,10,0,126,34,15.383333333333333,106,122.52,0,0,11,4,2024,3
589,Swapnil Asnodkar,20,20,0,423,9,14.575,339,115.96000000000001,0,2,56,10,2011,4
590,Swapnil Singh,14,9,4,51,2,6.125,45,72.335,0,0,3,3,2024,4
591,Syed Mohammad,11,5,3,29,9,1.6666666666666667,26,200.64000000000001,0,0,4,0,2013,3
592,T Natarajan,16,3,3,3,3,0.0,5,60.0,0,0,0,0,2020,1
593,Tabraiz Shamsi,1,1,1,2,2,0.0,4,50.0,0,0,0,0,2021,1
594,Tanmay Srivastava,7,3,2,8,7,4.0,11,40.0,0,0,0,0,2009,2
595,Tanush Kotian,1,1,0,24,24,24.0,31,77.41,0,0,3,0,2024,1
596,Taruwar Kohli,4,4,1,11,7,3.0,19,45.83,0,0,0,1,2009,2
597,Tatenda Taibu,3,3,0,31,15,10.33,26,119.23,0,0,3,0,2008,1
598,Thalaivan Sargunam,1,1,0,10,10,10.0,17,58.82,0,0,0,0,2013,1
599,Thilan Thushara,6,4,2,12,8,6.0,18,59.735,0,0,0,0,2010,2
600,Thisara Perera,36,30,8,422,9,13.244,307,102.77000000000001,0,0,23,26,2016,5
601,Tilak Varma,38,38,9,1156,84,40.190000000000005,790,148.25666666666666,0,6,90,58,2024,3
602,Tillakaratne Dilshan,38,37,4,735,76,20.746,666,106.22200000000001,0,5,98,11,2013,5
603,Tim David,38,35,12,659,46,23.5,387,141.59,0,0,38,46,2024,4
604,Tim Paine,2,2,0,10,8,5.0,26,38.46,0,0,0,0,2011,1
605,Tim Seifert,3,3,0,26,21,7.0,23,88.155,0,0,4,0,2022,2
606,Tim Southee,47,20,7,120,9,7.9375,107,115.67,0,0,8,4,2022,8
607,Tirumalasetti Suman,43,40,8,676,78,17.308,575,108.04400000000001,0,2,55,26,2013,5
608,Tom Banton,2,2,0,18,10,9.0,20,90.0,0,0,1,1,2020,1
609,Tom Curran,13,10,5,127,54,37.22,107,113.17666666666666,0,1,10,3,2021,3
610,Tom Kohler- Cadmore,4,3,0,48,20,16.0,54,88.88,0,0,7,1,2024,1
611,Travis Birt,5,5,0,75,27,15.0,58,129.31,0,0,9,2,2011,1
612,Travis Head,25,25,4,772,75,32.56666666666667,444,155.45333333333335,1,5,76,40,2024,3
613,Trent Boult,96,27,19,83,6,6.25,78,75.27625,0,0,5,3,2024,8
614,Tristan Stubbs,18,17,6,405,71,22.5,233,107.18,0,3,26,26,2024,3
615,Tushar Deshpande,5,2,1,21,20,21.0,12,175.0,0,0,2,1,2020,1
616,Tymal Mills,5,3,0,8,6,2.66,11,72.72,0,0,0,1,2017,1
617,Tyron Henderson,2,2,0,11,11,5.5,16,68.75,0,0,0,1,2009,1
618,Udit Birla,2,1,0,7,7,7.0,14,50.0,0,0,1,0,2013,1
619,Umar Gul,6,4,1,39,24,13.0,19,205.26,0,0,1,5,2008,1
620,Umesh Yadav,148,52,31,208,7,9.178571428571429,201,84.85357142857143,0,0,16,9,2024,14
621,Umran Malik,22,6,4,23,3,11.5,16,143.75,0,0,1,2,2023,2
622,Unmukt Chand,21,20,0,300,58,9.825000000000001,300,61.275,0,1,32,9,2016,6
623,Usman Khawaja,6,6,0,127,30,21.16,100,127.0,0,0,14,3,2016,1
624,VVS Laxman,20,20,2,282,52,15.565000000000001,267,96.60249999999999,0,1,33,5,2011,4
625,Vaibhav Arora,20,8,6,9,2,0.8333333333333334,16,96.15333333333332,0,0,0,0,2024,3
626,Varun Aaron,38,11,6,50,6,1.9166666666666667,67,71.52,0,0,2,2,2020,6
627,Varun Chakaravarthy,55,12,8,25,7,2.0,46,48.6075,0,0,2,0,2023,4
628,Venkatesh Iyer,51,49,7,1326,70,33.192499999999995,967,135.1975,1,11,121,61,2024,4
629,Venugopal Rao,64,54,10,985,71,21.57166666666667,836,110.40333333333332,0,3,77,37,2014,6
630,Vidyut Sivaramakrishnan,9,8,0,145,54,18.12,109,133.02,0,1,21,3,2008,1
631,Vijay Shankar,71,60,16,1115,63,27.3325,859,118.3175,0,6,80,45,2024,8
632,Vijay Zol,3,2,0,29,16,14.5,26,111.53,0,0,3,1,2014,1
633,Vijayakanth Viyaskanth,3,1,1,7,7,0.0,5,140.0,0,0,0,0,2024,1
634,Vikram Singh,13,2,0,4,4,2.0,3,133.33,0,0,1,0,2008,1
635,Vikramjeet Malik,4,2,1,7,6,3.0,7,85.0,0,0,1,0,2014,2
636,Vikrant Yeligati,2,1,0,2,2,2.0,2,100.0,0,0,0,0,2008,1
637,Vinay Kumar,104,46,18,310,6,13.141,274,105.494,0,0,21,9,2018,10
638,Virat Kohli,252,244,37,8004,99,38.862941176470585,6065,128.9829411764706,8,55,705,272,2024,17
639,Virat Singh,3,2,0,15,11,7.5,26,57.69,0,0,1,0,2021,1
640,Virender Sehwag,93,93,4,2530,95,27.785714285714285,1617,153.51714285714283,2,15,310,99,2015,7
641,Vishnu Vinod,6,6,0,56,9,9.33,57,96.21,0,0,3,3,2023,2
642,Vivrant Sharma,3,1,0,69,69,69.0,47,146.8,0,1,9,2,2023,1
643,Vyshak Vijaykumar,11,4,2,14,13,7.0,12,88.88499999999999,0,0,0,1,2024,2
644,Wanindu Hasaranga,26,14,4,72,18,7.6433333333333335,73,85.40666666666668,0,0,7,1,2023,3
645,Washington Sundar,58,38,11,378,5,12.405714285714286,324,101.22,0,0,32,9,2023,7
646,Wasim Jaffer,8,8,0,130,8,13.33,121,99.4,0,1,14,3,2009,2
647,Wayne Parnell,33,14,4,65,5,5.215999999999999,80,75.33200000000001,0,0,4,1,2023,5
648,Wilkin Mota,12,8,2,56,25,16.0,75,79.39500000000001,0,0,2,0,2009,2
649,Will Jacks,8,8,1,230,100,32.86,131,175.57,1,1,16,18,2024,1
650,Wriddhiman Saha,170,145,24,2934,93,27.281176470588235,2300,124.75588235294117,1,13,296,87,2024,17
651,Y Gnaneswara Rao,2,1,0,19,19,19.0,17,111.76,0,0,3,0,2011,1
652,Yash Dhull,4,3,0,16,13,5.33,23,69.56,0,0,1,0,2023,1
653,Yashasvi Jaiswal,53,52,2,1607,68,28.636000000000003,1067,138.322,2,9,198,64,2024,5
654,Yashpal Singh,8,4,0,47,20,11.75,66,71.21,0,0,5,0,2009,1
655,Yo Mahesh,11,5,3,15,6,7.5,27,55.55,0,0,0,0,2008,1
656,Yogesh Nagar,24,18,6,263,43,23.125,233,112.64,0,0,19,9,2012,2
657,Yogesh Takawale,5,5,0,104,45,20.8,91,114.28,0,0,17,1,2014,1
658,Younis Khan,1,1,0,3,3,3.0,7,42.85,0,0,0,0,2008,1
659,Yudhvir Singh,5,4,0,22,14,5.5,16,100.0,0,0,1,2,2024,2
660,Yusuf Pathan,174,154,44,3204,72,30.2975,2241,138.13583333333335,1,13,262,158,2019,12
661,Yuvraj Singh,132,126,15,2750,83,24.50090909090909,2120,128.20000000000002,0,13,217,149,2019,11
662,Yuzvendra Chahal,117,20,13,37,8,1.66625,86,52.545,0,0,0,0,2022,8
663,Zaheer Khan,91,32,18,117,7,9.0,141,85.7075,0,0,11,2,2017,8
